stateabbr,placename,placefips,population2010,arthritis_crudeprev,arthritis_crude95ci,bphigh_crudeprev,bphigh_crude95ci,cancer_crudeprev,cancer_crude95ci,casthma_crudeprev,casthma_crude95ci,csmoking_crude95ci,geolocation,csmoking_crudeprev,diabetes_crudeprev,diabetes_crude95ci,obesity_crudeprev,obesity_crude95ci
CA,Alameda,0600562,73812,19.3,"(19.0, 19.6)",25.6,"(25.3, 25.8)",6.2,"( 6.2,  6.3)",8.4,"( 8.3,  8.5)","(10.8, 11.7)","(37.76508490310, -122.266489842)",11.2,8.3,"( 8.1,  8.5)",20.2,"(19.9, 20.4)"
CA,Alhambra,0600884,83089,15.9,"(15.7, 16.1)",26.0,"(25.8, 26.2)",5.0,"( 5.0,  5.1)",7.1,"( 7.0,  7.2)","(10.9, 11.6)","(34.08397343830, -118.135514119)",11.3,11.5,"(11.3, 11.7)",17.7,"(17.5, 17.9)"
CA,Anaheim,0602000,336265,15.9,"(15.8, 16.0)",26.4,"(26.3, 26.6)",4.9,"( 4.9,  4.9)",8.4,"( 8.3,  8.5)","(13.5, 14.0)","(33.83890769960, -117.857613481)",13.7,9.9,"( 9.9, 10.0)",22.9,"(22.8, 23.0)"
CA,Antioch,0602252,102372,19.6,"(19.4, 19.8)",26.2,"(26.0, 26.4)",5.4,"( 5.3,  5.4)",9.9,"( 9.8, 10.0)","(15.0, 15.8)","(37.97770429220, -121.796606971)",15.4,9.7,"( 9.6,  9.8)",27.7,"(27.5, 27.9)"
CA,Apple Valley,0602364,69135,26.1,"(25.8, 26.5)",32.5,"(32.2, 32.8)",7.2,"( 7.1,  7.3)",9.6,"( 9.4,  9.7)","(15.6, 16.7)","(34.53159849480, -117.211012664)",16.2,11.9,"(11.6, 12.1)",30.9,"(30.6, 31.2)"
CA,Bakersfield,0603526,347483,19.8,"(19.7, 19.9)",29.0,"(28.9, 29.1)",5.2,"( 5.2,  5.2)",9.7,"( 9.6,  9.8)","(16.7, 17.2)","(35.35133028550, -119.029786003)",16.9,9.9,"( 9.8, 10.0)",29.2,"(29.1, 29.4)"
CA,Baldwin Park,0603666,75390,14.9,"(14.7, 15.1)",24.1,"(23.9, 24.3)",4.1,"( 4.1,  4.1)",8.3,"( 8.1,  8.5)","(13.2, 14.2)","(34.08287151900, -117.972100918)",13.7,11.1,"(10.9, 11.3)",25.3,"(25.0, 25.5)"
CA,Bellflower,0604982,76616,16.7,"(16.5, 16.8)",25.4,"(25.3, 25.6)",4.8,"( 4.7,  4.8)",9.2,"( 9.1,  9.3)","(14.2, 14.9)","(33.88804179230, -118.127100236)",14.6,9.9,"( 9.7, 10.0)",25.8,"(25.6, 25.9)"
CA,Berkeley,0606000,112580,15.6,"(15.4, 15.7)",21.1,"(21.0, 21.3)",5.1,"( 5.0,  5.1)",8.9,"( 8.8,  9.0)","(10.1, 10.9)","(37.87256787650, -122.274907975)",10.5,6.0,"( 6.0,  6.1)",20.4,"(20.2, 20.6)"
CA,Buena Park,0608786,80530,16.2,"(16.1, 16.4)",27.3,"(27.1, 27.6)",5.1,"( 5.1,  5.1)",8.0,"( 7.9,  8.1)","(12.5, 13.3)","(33.85721268440, -118.004517591)",12.9,10.4,"(10.2, 10.5)",20.8,"(20.6, 21.0)"
CA,Burbank,0608954,103340,18.3,"(18.1, 18.5)",24.5,"(24.3, 24.7)",6.2,"( 6.1,  6.2)",8.7,"( 8.6,  8.8)","(12.0, 12.8)","(34.18797996050, -118.323429032)",12.4,8.0,"( 7.9,  8.2)",22.0,"(21.8, 22.2)"
CA,Carlsbad,0611194,105328,20.4,"(20.1, 20.7)",27.2,"(26.9, 27.6)",7.4,"( 7.3,  7.5)",8.2,"( 8.1,  8.4)","( 9.6, 10.7)","(33.12480510260, -117.282903303)",10.1,7.4,"( 7.3,  7.6)",20.4,"(20.1, 20.7)"
CA,Carson,0611530,91714,17.9,"(17.7, 18.1)",28.9,"(28.6, 29.1)",5.3,"( 5.3,  5.4)",8.8,"( 8.6,  8.9)","(11.7, 12.5)","(33.83740830010, -118.255936422)",12.1,11.7,"(11.5, 11.8)",23.3,"(23.1, 23.5)"
CA,Chico,0613014,86187,18.1,"(17.8, 18.3)",23.6,"(23.4, 23.9)",5.5,"( 5.4,  5.6)",10.0,"( 9.8, 10.2)","(14.7, 15.9)","(39.75685036680, -121.815983972)",15.3,7.1,"( 6.9,  7.2)",25.1,"(24.8, 25.5)"
CA,Chino,0613210,77983,17.6,"(17.4, 17.8)",24.4,"(24.2, 24.7)",4.6,"( 4.5,  4.6)",8.5,"( 8.4,  8.6)","(13.6, 14.6)","(33.98358812600, -117.665296584)",14.1,9.4,"( 9.2,  9.5)",28.3,"(28.0, 28.5)"
CA,Chino Hills,0613214,74799,16.7,"(16.5, 17.0)",23.2,"(22.9, 23.4)",4.8,"( 4.8,  4.9)",7.5,"( 7.4,  7.6)","( 9.8, 10.8)","(33.95077454600, -117.725326968)",10.3,8.5,"( 8.3,  8.7)",22.4,"(22.1, 22.7)"
CA,Chula Vista,0613392,243916,17.4,"(17.3, 17.5)",27.3,"(27.2, 27.5)",5.1,"( 5.1,  5.1)",8.3,"( 8.2,  8.4)","(12.4, 12.9)","(32.62829642620, -117.010042407)",12.6,10.4,"(10.3, 10.5)",24.1,"(24.0, 24.3)"
CA,Citrus Heights,0613588,83301,23.1,"(22.9, 23.4)",30.0,"(29.7, 30.2)",6.8,"( 6.8,  6.9)",10.7,"(10.6, 10.8)","(15.3, 16.2)","(38.69477883420, -121.287991502)",15.7,9.2,"( 9.1,  9.4)",30.4,"(30.1, 30.6)"
CA,Clovis,0614218,95631,19.0,"(18.8, 19.2)",26.9,"(26.7, 27.1)",6.0,"( 6.0,  6.1)",9.7,"( 9.6,  9.8)","(13.6, 14.4)","(36.82894001790, -119.686652850)",14.0,8.8,"( 8.7,  8.9)",26.2,"(26.0, 26.5)"
CA,Compton,0615044,96455,17.9,"(17.8, 18.1)",30.0,"(29.8, 30.2)",4.2,"( 4.2,  4.3)",10.9,"(10.7, 11.0)","(17.5, 18.3)","(33.89296569300, -118.227506568)",17.9,12.7,"(12.5, 12.8)",32.7,"(32.5, 32.9)"
CA,Concord,0616000,122067,19.6,"(19.3, 19.8)",24.6,"(24.4, 24.8)",6.1,"( 6.1,  6.1)",9.1,"( 9.0,  9.2)","(12.9, 13.7)","(37.97218103070, -122.001588036)",13.3,8.6,"( 8.5,  8.7)",24.7,"(24.5, 24.9)"
CA,Corona,0616350,152374,18.5,"(18.3, 18.6)",25.9,"(25.8, 26.1)",4.8,"( 4.8,  4.9)",8.6,"( 8.5,  8.7)","(14.1, 14.8)","(33.86235717870, -117.564224471)",14.4,9.2,"( 9.1,  9.3)",27.0,"(26.8, 27.2)"
CA,Costa Mesa,0616532,109960,15.6,"(15.4, 15.8)",24.4,"(24.2, 24.6)",5.1,"( 5.1,  5.1)",8.6,"( 8.5,  8.7)","(13.0, 13.9)","(33.66676513530, -117.913504750)",13.4,7.9,"( 7.7,  8.0)",22.0,"(21.8, 22.3)"
CA,Daly City,0617918,101123,16.2,"(16.0, 16.4)",27.2,"(26.9, 27.4)",5.0,"( 4.9,  5.0)",7.1,"( 7.0,  7.2)","( 9.9, 10.6)","(37.68615522760, -122.468298024)",10.3,10.3,"(10.1, 10.5)",17.1,"(16.9, 17.3)"
CA,Downey,0619766,111772,16.2,"(16.1, 16.4)",24.1,"(24.0, 24.3)",5.0,"( 5.0,  5.1)",8.5,"( 8.4,  8.6)","(12.0, 12.7)","(33.93786725600, -118.131150116)",12.3,9.6,"( 9.5,  9.7)",24.8,"(24.6, 25.0)"
CA,El Cajon,0621712,99478,21.5,"(21.3, 21.7)",30.2,"(30.1, 30.4)",6.1,"( 6.0,  6.1)",9.9,"( 9.8, 10.0)","(17.5, 18.3)","(32.80165819210, -116.960483614)",17.9,10.1,"(10.0, 10.2)",26.9,"(26.7, 27.1)"
CA,Elk Grove,0622020,153015,18.4,"(18.3, 18.6)",27.2,"(27.0, 27.4)",5.3,"( 5.3,  5.3)",9.6,"( 9.5,  9.7)","(12.3, 13.0)","(38.41599920060, -121.384137762)",12.7,9.1,"( 9.0,  9.2)",26.5,"(26.3, 26.6)"
CA,El Monte,0622230,113475,16.1,"(16.0, 16.2)",26.4,"(26.3, 26.6)",4.2,"( 4.2,  4.2)",8.5,"( 8.4,  8.6)","(15.6, 16.4)","(34.07391965300, -118.029071951)",16.0,12.8,"(12.6, 12.9)",25.0,"(24.8, 25.1)"
CA,Escondido,0622804,143911,19.5,"(19.3, 19.7)",28.3,"(28.1, 28.5)",5.8,"( 5.7,  5.8)",9.1,"( 9.0,  9.2)","(15.1, 15.8)","(33.13469529550, -117.072122618)",15.5,9.8,"( 9.7,  9.9)",25.4,"(25.3, 25.6)"
CA,Fairfield,0623182,105321,20.0,"(19.8, 20.2)",28.7,"(28.5, 28.9)",5.5,"( 5.5,  5.5)",9.7,"( 9.6,  9.8)","(14.8, 15.4)","(38.25584463430, -122.039303253)",15.1,9.4,"( 9.3,  9.5)",27.9,"(27.7, 28.0)"
CA,Folsom,0624638,72203,18.5,"(18.3, 18.9)",25.7,"(25.4, 26.0)",6.0,"( 5.9,  6.0)",9.3,"( 9.1,  9.4)","(11.4, 12.6)","(38.67504943280, -121.147605753)",12.0,7.1,"( 7.0,  7.3)",26.2,"(25.8, 26.5)"
CA,Fontana,0624680,196069,17.0,"(16.9, 17.1)",24.7,"(24.5, 24.8)",4.1,"( 4.1,  4.1)",8.8,"( 8.7,  8.9)","(14.4, 15.1)","(34.09742278330, -117.459241285)",14.7,10.1,"(10.0, 10.2)",30.8,"(30.6, 31.0)"
CA,Fremont,0626000,214089,15.4,"(15.2, 15.5)",22.1,"(22.0, 22.3)",5.0,"( 5.0,  5.1)",7.2,"( 7.2,  7.3)","( 9.3,  9.9)","(37.52786854050, -121.984121512)",9.6,7.5,"( 7.4,  7.6)",16.9,"(16.8, 17.1)"
CA,Fresno,0627000,494665,18.4,"(18.3, 18.5)",28.7,"(28.7, 28.8)",5.1,"( 5.1,  5.1)",10.1,"(10.1, 10.2)","(16.6, 17.0)","(36.78267867110, -119.794126569)",16.8,11.2,"(11.1, 11.3)",30.2,"(30.1, 30.3)"
CA,Fullerton,0628000,135161,16.1,"(15.9, 16.2)",26.1,"(25.8, 26.3)",5.4,"( 5.4,  5.5)",8.0,"( 7.9,  8.1)","(11.4, 12.1)","(33.88403780130, -117.927850895)",11.8,9.0,"( 8.9,  9.2)",20.0,"(19.8, 20.2)"
CA,Garden Grove,0629000,170883,16.3,"(16.2, 16.4)",28.2,"(28.0, 28.3)",4.9,"( 4.9,  4.9)",7.9,"( 7.8,  8.0)","(13.7, 14.3)","(33.77869406350, -117.960111162)",14.0,11.5,"(11.4, 11.6)",20.0,"(19.8, 20.1)"
CA,Glendale,0630000,191719,20.3,"(20.1, 20.5)",26.9,"(26.7, 27.1)",6.7,"( 6.7,  6.8)",9.0,"( 8.9,  9.1)","(13.2, 13.9)","(34.18188937300, -118.246766660)",13.6,9.3,"( 9.2,  9.4)",22.1,"(22.0, 22.3)"
CA,Hawthorne,0632548,84293,16.2,"(16.0, 16.3)",26.5,"(26.3, 26.7)",4.3,"( 4.2,  4.3)",9.9,"( 9.7, 10.0)","(15.0, 15.9)","(33.91466770100, -118.347667728)",15.4,10.3,"(10.2, 10.4)",28.6,"(28.4, 28.8)"
CA,Hayward,0633000,144186,17.5,"(17.4, 17.6)",25.2,"(25.1, 25.3)",4.9,"( 4.9,  4.9)",8.8,"( 8.8,  8.9)","(13.4, 13.9)","(37.63295915510, -122.077051051)",13.7,9.2,"( 9.1,  9.3)",24.2,"(24.1, 24.4)"
CA,Hemet,0633182,78657,29.6,"(29.3, 29.9)",37.6,"(37.3, 37.8)",8.4,"( 8.3,  8.5)",9.6,"( 9.5,  9.7)","(16.6, 17.4)","(33.73522773110, -116.994605005)",17.0,13.8,"(13.6, 14.0)",30.1,"(29.9, 30.3)"
CA,Hesperia,0633434,90173,22.3,"(22.1, 22.5)",29.1,"(28.9, 29.3)",5.5,"( 5.5,  5.6)",9.6,"( 9.5,  9.8)","(17.6, 18.6)","(34.39734767730, -117.314392219)",18.1,11.5,"(11.3, 11.6)",32.8,"(32.5, 33.0)"
CA,Huntington Beach,0636000,189992,18.5,"(18.3, 18.7)",27.3,"(27.1, 27.4)",6.6,"( 6.5,  6.6)",8.4,"( 8.3,  8.4)","(11.4, 12.1)","(33.69527490770, -118.001810806)",11.8,8.3,"( 8.2,  8.4)",20.3,"(20.1, 20.5)"
CA,Indio,0636448,76036,21.9,"(21.7, 22.2)",30.4,"(30.1, 30.7)",5.8,"( 5.7,  5.8)",8.8,"( 8.6,  9.0)","(15.2, 16.3)","(33.72980678370, -116.237258141)",15.7,12.1,"(11.9, 12.3)",30.8,"(30.5, 31.1)"
CA,Inglewood,0636546,109673,18.9,"(18.7, 19.1)",31.4,"(31.2, 31.6)",4.8,"( 4.8,  4.8)",10.7,"(10.5, 10.8)","(15.4, 16.3)","(33.95657480180, -118.344444926)",15.8,12.4,"(12.2, 12.5)",31.8,"(31.6, 32.1)"
CA,Irvine,0636770,212375,13.2,"(13.1, 13.4)",21.8,"(21.6, 21.9)",4.8,"( 4.7,  4.8)",7.4,"( 7.4,  7.5)","( 9.0,  9.6)","(33.67801089040, -117.773633283)",9.3,6.8,"( 6.7,  6.9)",15.8,"(15.6, 15.9)"
CA,Lake Forest,0639496,77264,16.5,"(16.2, 16.7)",24.9,"(24.6, 25.2)",5.6,"( 5.6,  5.7)",8.2,"( 8.0,  8.3)","(10.6, 11.6)","(33.66341289480, -117.670683341)",11.1,7.8,"( 7.6,  7.9)",20.1,"(19.8, 20.3)"
CA,Lakewood,0639892,80048,17.8,"(17.6, 18.0)",24.9,"(24.8, 25.1)",5.8,"( 5.8,  5.8)",8.7,"( 8.6,  8.8)","(12.1, 12.8)","(33.84705319410, -118.122204765)",12.4,8.6,"( 8.5,  8.7)",22.1,"(21.9, 22.2)"
CA,Lancaster,0640130,156633,18.3,"(18.2, 18.5)",27.2,"(27.0, 27.3)",5.0,"( 5.0,  5.0)",10.1,"(10.0, 10.2)","(16.8, 17.5)","(34.69343470170, -118.175306356)",17.2,10.0,"( 9.9, 10.1)",28.3,"(28.1, 28.4)"
CA,Livermore,0641992,80968,19.4,"(19.1, 19.7)",23.8,"(23.5, 24.1)",6.1,"( 6.0,  6.2)",8.9,"( 8.8,  9.0)","(12.0, 13.1)","(37.68651013610, -121.764357841)",12.6,7.0,"( 6.9,  7.1)",23.1,"(22.8, 23.4)"
CA,Long Beach,0643000,462257,16.8,"(16.7, 16.8)",25.1,"(25.0, 25.2)",5.0,"( 5.0,  5.0)",9.3,"( 9.2,  9.3)","(14.1, 14.5)","(33.80601448250, -118.160894146)",14.3,9.4,"( 9.3,  9.4)",24.9,"(24.8, 25.0)"
CA,Los Angeles,0644000,3792621,16.8,"(16.8, 16.9)",25.4,"(25.4, 25.5)",5.0,"( 5.0,  5.0)",9.0,"( 9.0,  9.1)","(14.1, 14.2)","(34.11822778980, -118.408500088)",14.2,10.0,"( 9.9, 10.0)",25.2,"(25.2, 25.3)"
CA,Lynwood,0644574,69772,15.3,"(15.1, 15.5)",25.1,"(24.9, 25.4)",3.6,"( 3.6,  3.7)",9.9,"( 9.6, 10.1)","(16.5, 17.8)","(33.92396168670, -118.201648375)",17.2,11.4,"(11.2, 11.7)",31.0,"(30.7, 31.3)"
CA,Manteca,0645484,67096,21.5,"(21.2, 21.7)",27.0,"(26.8, 27.2)",5.6,"( 5.6,  5.7)",9.5,"( 9.4,  9.6)","(15.3, 16.2)","(37.79619251020, -121.231230612)",15.8,9.5,"( 9.3,  9.6)",30.8,"(30.5, 31.0)"
CA,Menifee,0646842,77519,25.7,"(25.4, 26.0)",32.7,"(32.4, 33.0)",7.6,"( 7.5,  7.7)",8.9,"( 8.8,  9.0)","(13.8, 14.6)","(33.69095330450, -117.184876990)",14.2,11.2,"(11.0, 11.4)",27.0,"(26.7, 27.2)"
CA,Merced,0646898,78958,19.7,"(19.5, 19.9)",29.3,"(29.1, 29.6)",5.0,"( 5.0,  5.1)",9.7,"( 9.6,  9.9)","(17.4, 18.3)","(37.30558632170, -120.477710571)",17.9,11.6,"(11.4, 11.7)",29.7,"(29.4, 30.0)"
CA,Milpitas,0647766,66790,12.5,"(12.3, 12.7)",23.8,"(23.5, 24.1)",4.4,"( 4.3,  4.4)",6.7,"( 6.6,  6.9)","( 9.5, 10.6)","(37.43386976300, -121.892083025)",10.0,8.8,"( 8.6,  9.0)",15.6,"(15.4, 15.8)"
CA,Mission Viejo,0648256,93305,19.2,"(18.9, 19.4)",27.5,"(27.2, 27.8)",7.1,"( 7.0,  7.2)",8.2,"( 8.1,  8.4)","( 9.9, 10.8)","(33.60959768910, -117.655029608)",10.4,8.1,"( 7.9,  8.2)",19.6,"(19.3, 19.8)"
CA,Modesto,0648354,201165,22.1,"(22.0, 22.3)",28.8,"(28.6, 28.9)",6.1,"( 6.1,  6.2)",9.7,"( 9.6,  9.8)","(16.1, 16.8)","(37.66154782210, -120.988548061)",16.5,10.6,"(10.5, 10.7)",25.9,"(25.7, 26.1)"
CA,Moreno Valley,0649270,193365,18.6,"(18.5, 18.7)",28.0,"(27.9, 28.1)",4.3,"( 4.3,  4.3)",9.5,"( 9.4,  9.5)","(16.4, 16.9)","(33.92443141120, -117.204501895)",16.6,10.7,"(10.6, 10.8)",30.7,"(30.5, 30.8)"
CA,Mountain View,0649670,74066,13.6,"(13.4, 13.8)",22.4,"(22.1, 22.6)",5.3,"( 5.3,  5.3)",7.5,"( 7.4,  7.6)","( 8.7,  9.5)","(37.39992523790, -122.079544343)",9.1,6.6,"( 6.5,  6.7)",18.7,"(18.5, 18.9)"
CA,Murrieta,0650076,103466,20.2,"(19.9, 20.4)",26.6,"(26.3, 26.9)",5.8,"( 5.7,  5.9)",8.7,"( 8.6,  8.8)","(13.4, 14.4)","(33.57197433560, -117.190921143)",13.9,8.5,"( 8.3,  8.6)",25.5,"(25.2, 25.7)"
CA,Napa,0650258,76915,21.4,"(21.1, 21.7)",28.2,"(27.9, 28.4)",6.8,"( 6.7,  6.8)",9.2,"( 9.1,  9.3)","(13.1, 14.0)","(38.29804246490, -122.301093331)",13.5,9.1,"( 8.9,  9.2)",26.3,"(26.0, 26.6)"
CA,Newport Beach,0651182,85186,19.3,"(19.0, 19.6)",27.4,"(27.1, 27.7)",7.8,"( 7.7,  7.9)",7.9,"( 7.8,  8.0)","( 8.1,  9.0)","(33.61501036070, -117.867364631)",8.5,7.3,"( 7.2,  7.5)",18.2,"(17.9, 18.5)"
CA,Norwalk,0652526,105549,16.1,"(16.0, 16.3)",24.9,"(24.7, 25.1)",4.7,"( 4.7,  4.7)",8.5,"( 8.4,  8.6)","(12.9, 13.7)","(33.90688082280, -118.082915204)",13.3,10.6,"(10.5, 10.7)",25.0,"(24.8, 25.2)"
CA,Oakland,0653000,390724,19.3,"(19.2, 19.4)",28.6,"(28.5, 28.7)",5.3,"( 5.2,  5.3)",9.7,"( 9.7,  9.8)","(14.4, 14.8)","(37.79087803500, -122.214859257)",14.6,10.2,"(10.1, 10.2)",26.8,"(26.7, 26.9)"
CA,Oceanside,0653322,167086,20.0,"(19.8, 20.2)",28.5,"(28.4, 28.7)",6.3,"( 6.2,  6.3)",8.9,"( 8.8,  9.0)","(13.4, 14.0)","(33.22474574740, -117.308200285)",13.7,9.3,"( 9.2,  9.4)",23.8,"(23.7, 24.0)"
CA,Ontario,0653896,163924,17.8,"(17.7, 18.0)",25.3,"(25.1, 25.4)",4.4,"( 4.4,  4.4)",8.8,"( 8.7,  8.9)","(14.8, 15.4)","(34.03926494640, -117.606427103)",15.1,10.4,"(10.3, 10.5)",31.1,"(30.9, 31.3)"
CA,Orange,0653980,136416,16.5,"(16.3, 16.7)",25.7,"(25.5, 25.9)",5.5,"( 5.4,  5.5)",8.4,"( 8.3,  8.5)","(12.2, 12.9)","(33.80464195670, -117.823185500)",12.6,8.5,"( 8.4,  8.7)",21.3,"(21.2, 21.5)"
CA,Oxnard,0654652,197899,17.9,"(17.8, 18.1)",27.3,"(27.1, 27.4)",4.5,"( 4.5,  4.5)",9.0,"( 8.9,  9.1)","(14.6, 15.4)","(34.19592377310, -119.181876570)",15.0,11.4,"(11.3, 11.5)",26.1,"(25.9, 26.4)"
CA,Palmdale,0655156,152750,17.4,"(17.3, 17.5)",26.1,"(26.0, 26.2)",4.6,"( 4.6,  4.6)",9.9,"( 9.8, 10.1)","(16.3, 17.0)","(34.59448998030, -118.105772328)",16.6,10.3,"(10.2, 10.4)",28.5,"(28.3, 28.6)"
CA,Pasadena,0656000,137122,17.2,"(17.1, 17.4)",25.0,"(24.9, 25.2)",5.8,"( 5.8,  5.9)",8.5,"( 8.4,  8.6)","(10.9, 11.6)","(34.15976348060, -118.138921644)",11.2,8.7,"( 8.6,  8.8)",22.3,"(22.2, 22.5)"
CA,Perris,0656700,68386,17.2,"(16.9, 17.4)",26.8,"(26.5, 27.0)",3.7,"( 3.7,  3.7)",9.3,"( 9.1,  9.6)","(16.9, 18.3)","(33.78973460940, -117.223291831)",17.5,10.9,"(10.7, 11.2)",32.4,"(32.0, 32.8)"
CA,Pleasanton,0657792,70285,18.7,"(18.4, 19.0)",23.3,"(23.0, 23.6)",6.4,"( 6.3,  6.4)",8.1,"( 8.0,  8.2)","( 8.9, 10.1)","(37.66560921710, -121.880775002)",9.5,6.8,"( 6.6,  6.9)",19.8,"(19.5, 20.1)"
CA,Pomona,0658072,149058,15.7,"(15.6, 15.8)",24.8,"(24.6, 24.9)",4.3,"( 4.2,  4.3)",9.1,"( 9.0,  9.2)","(14.5, 15.3)","(34.05850263660, -117.762551658)",14.9,10.6,"(10.5, 10.7)",27.0,"(26.8, 27.2)"
CA,Rancho Cucamonga,0659451,165269,18.4,"(18.3, 18.6)",24.4,"(24.2, 24.5)",5.2,"( 5.1,  5.2)",8.5,"( 8.4,  8.6)","(12.1, 12.8)","(34.12458955550, -117.566175870)",12.5,8.4,"( 8.3,  8.5)",26.7,"(26.6, 26.9)"
CA,Redding,0659920,89861,26.0,"(25.7, 26.3)",30.9,"(30.6, 31.1)",7.6,"( 7.5,  7.7)",10.0,"( 9.9, 10.1)","(16.0, 17.1)","(40.56975912710, -122.365026322)",16.5,9.8,"( 9.7, 10.0)",26.7,"(26.5, 27.0)"
CA,Redlands,0659962,68747,21.7,"(21.3, 22.0)",27.1,"(26.8, 27.4)",6.5,"( 6.4,  6.6)",8.8,"( 8.6,  9.0)","(12.1, 13.3)","(34.05113153170, -117.170935294)",12.7,9.4,"( 9.2,  9.6)",26.7,"(26.4, 27.1)"
CA,Redondo Beach,0660018,66748,16.1,"(15.8, 16.3)",21.4,"(21.2, 21.7)",5.9,"( 5.8,  5.9)",8.2,"( 8.1,  8.3)","( 9.4, 10.5)","(33.85752801590, -118.376567893)",9.9,6.3,"( 6.1,  6.4)",19.7,"(19.4, 20.0)"
CA,Redwood City,0660102,76815,17.8,"(17.6, 18.1)",25.8,"(25.5, 26.0)",5.7,"( 5.6,  5.7)",8.4,"( 8.2,  8.5)","(11.1, 12.0)","(37.50091452760, -122.224767617)",11.6,7.9,"( 7.8,  8.0)",23.3,"(23.0, 23.6)"
CA,Rialto,0660466,99171,19.1,"(18.9, 19.2)",27.5,"(27.4, 27.7)",4.5,"( 4.5,  4.5)",9.5,"( 9.4,  9.6)","(15.5, 16.2)","(34.11281580890, -117.388535978)",15.9,11.5,"(11.4, 11.6)",33.1,"(32.9, 33.3)"
CA,Richmond,0660620,103701,19.6,"(19.5, 19.8)",28.5,"(28.3, 28.6)",5.2,"( 5.2,  5.2)",10.0,"( 9.8, 10.1)","(14.7, 15.5)","(37.94797103650, -122.336803759)",15.1,11.3,"(11.2, 11.5)",28.9,"(28.7, 29.1)"
CA,Riverside,0662000,303871,18.8,"(18.7, 18.9)",26.4,"(26.3, 26.5)",4.9,"( 4.8,  4.9)",9.0,"( 8.9,  9.0)","(15.0, 15.5)","(33.93812516850, -117.394845824)",15.2,9.5,"( 9.4,  9.6)",27.7,"(27.6, 27.9)"
CA,Roseville,0662938,118788,20.7,"(20.4, 20.9)",26.9,"(26.6, 27.1)",6.7,"( 6.7,  6.8)",9.1,"( 9.0,  9.2)","(12.1, 12.9)","(38.76575161820, -121.302847708)",12.5,7.9,"( 7.8,  8.1)",21.7,"(21.5, 21.9)"
CA,Sacramento,0664000,466488,19.9,"(19.9, 20.0)",29.8,"(29.8, 29.9)",5.5,"( 5.4,  5.5)",10.3,"(10.3, 10.4)","(14.8, 15.2)","(38.56663215670, -121.468299801)",15.0,10.7,"(10.6, 10.8)",30.2,"(30.1, 30.3)"
CA,Salinas,0664224,150441,17.0,"(16.8, 17.1)",26.2,"(26.0, 26.4)",4.4,"( 4.4,  4.4)",9.3,"( 9.2,  9.4)","(16.5, 17.2)","(36.68891743210, -121.631811961)",16.8,10.9,"(10.8, 11.1)",27.0,"(26.8, 27.3)"
CA,San Bernardino,0665000,209924,21.0,"(20.9, 21.1)",30.0,"(29.9, 30.1)",4.7,"( 4.7,  4.8)",10.0,"( 9.9, 10.1)","(18.6, 19.1)","(34.13923228440, -117.295272732)",18.9,13.0,"(12.9, 13.1)",35.1,"(35.0, 35.3)"
CA,San Buenaventura (Ventura),0665042,106433,22.2,"(21.9, 22.4)",28.7,"(28.4, 28.9)",6.7,"( 6.6,  6.7)",9.0,"( 8.9,  9.1)","(12.6, 13.5)","(34.27436102060, -119.231436551)",13.1,9.2,"( 9.1,  9.4)",23.1,"(22.8, 23.3)"
CA,San Diego,0666000,1307402,16.9,"(16.9, 17.0)",25.7,"(25.7, 25.8)",5.4,"( 5.4,  5.4)",8.4,"( 8.4,  8.5)","(12.3, 12.5)","(32.83556394180, -117.119792061)",12.4,8.4,"( 8.4,  8.4)",21.8,"(21.8, 21.9)"
CA,San Francisco,0667000,805235,16.1,"(16.0, 16.2)",24.7,"(24.7, 24.8)",5.3,"( 5.3,  5.3)",7.8,"( 7.8,  7.8)","(11.3, 11.6)","(37.75591366110, -122.440987876)",11.4,8.6,"( 8.5,  8.6)",17.8,"(17.7, 17.8)"
CA,San Jose,0668000,945942,14.5,"(14.5, 14.6)",24.9,"(24.9, 25.0)",5.0,"( 5.0,  5.0)",7.8,"( 7.8,  7.9)","(11.3, 11.6)","(37.30039631760, -121.847228423)",11.5,8.8,"( 8.7,  8.8)",20.3,"(20.2, 20.4)"
CA,San Leandro,0668084,84950,20.3,"(20.1, 20.4)",28.3,"(28.1, 28.4)",6.0,"( 5.9,  6.0)",8.7,"( 8.6,  8.8)","(13.1, 13.8)","(37.70742992620, -122.159061655)",13.4,10.2,"(10.0, 10.3)",23.0,"(22.8, 23.1)"
CA,San Marcos,0668196,83781,18.0,"(17.8, 18.3)",26.0,"(25.7, 26.2)",5.7,"( 5.6,  5.7)",8.7,"( 8.6,  8.9)","(12.8, 13.9)","(33.13496598600, -117.174363098)",13.3,8.4,"( 8.2,  8.5)",22.9,"(22.7, 23.2)"
CA,San Mateo,0668252,97207,18.9,"(18.7, 19.1)",27.2,"(27.0, 27.4)",6.3,"( 6.3,  6.3)",8.1,"( 8.0,  8.2)","(10.3, 11.0)","(37.55182268930, -122.312390346)",10.7,8.4,"( 8.2,  8.5)",21.3,"(21.1, 21.5)"
CA,San Ramon,0668378,72148,15.5,"(15.3, 15.8)",20.1,"(19.8, 20.4)",5.3,"( 5.3,  5.4)",7.7,"( 7.6,  7.8)","( 8.2,  9.2)","(37.76237054620, -121.938150371)",8.7,6.5,"( 6.4,  6.7)",18.5,"(18.2, 18.8)"
CA,Santa Ana,0669000,324528,14.5,"(14.4, 14.6)",26.1,"(26.0, 26.3)",3.9,"( 3.9,  3.9)",8.6,"( 8.6,  8.7)","(15.6, 16.1)","(33.73669484190, -117.881890237)",15.8,11.3,"(11.2, 11.4)",26.0,"(25.9, 26.1)"
CA,Santa Barbara,0669070,88410,18.8,"(18.6, 19.0)",25.5,"(25.3, 25.8)",6.5,"( 6.4,  6.6)",8.8,"( 8.6,  8.9)","(11.5, 12.4)","(34.42857338740, -119.720187334)",11.9,8.3,"( 8.1,  8.4)",25.7,"(25.4, 26.0)"
CA,Santa Clara,0669084,116468,13.0,"(12.9, 13.2)",22.1,"(21.9, 22.2)",4.9,"( 4.9,  4.9)",7.4,"( 7.4,  7.5)","( 9.3, 10.1)","(37.36461975040, -121.967932117)",9.7,6.9,"( 6.8,  7.0)",17.5,"(17.4, 17.7)"
CA,Santa Clarita,0669088,176320,17.4,"(17.2, 17.5)",23.2,"(23.0, 23.3)",5.7,"( 5.7,  5.7)",8.8,"( 8.8,  8.9)","(12.2, 12.8)","(34.41190391850, -118.503504698)",12.5,7.5,"( 7.4,  7.6)",22.4,"(22.2, 22.5)"
CA,Santa Maria,0669196,99553,17.9,"(17.7, 18.2)",26.6,"(26.3, 26.8)",5.0,"( 5.0,  5.1)",9.6,"( 9.4,  9.8)","(16.5, 17.6)","(34.93337357570, -120.443326954)",17.1,10.8,"(10.7, 11.0)",30.8,"(30.5, 31.1)"
CA,Santa Monica,0670000,89736,17.6,"(17.4, 17.9)",23.3,"(23.1, 23.5)",6.6,"( 6.5,  6.6)",8.4,"( 8.3,  8.5)","( 9.4, 10.4)","(34.02318916120, -118.481563937)",9.9,6.8,"( 6.7,  7.0)",20.3,"(20.0, 20.5)"
CA,Santa Rosa,0670098,167815,22.3,"(22.0, 22.5)",25.6,"(25.4, 25.7)",6.8,"( 6.8,  6.9)",9.4,"( 9.3,  9.5)","(13.2, 13.9)","(38.44644231020, -122.706005935)",13.5,8.5,"( 8.4,  8.6)",25.2,"(25.0, 25.4)"
CA,Simi Valley,0672016,124237,20.5,"(20.3, 20.8)",26.7,"(26.5, 26.9)",6.1,"( 6.0,  6.1)",8.9,"( 8.8,  9.0)","(12.6, 13.4)","(34.26624628570, -118.748980462)",13.0,8.4,"( 8.3,  8.6)",21.6,"(21.4, 21.8)"
CA,South Gate,0673080,94396,15.4,"(15.2, 15.6)",24.4,"(24.1, 24.6)",4.0,"( 3.9,  4.0)",9.1,"( 8.9,  9.3)","(14.7, 15.9)","(33.94473226640, -118.192550525)",15.3,11.5,"(11.3, 11.7)",29.4,"(29.1, 29.6)"
CA,Stockton,0675000,291707,20.9,"(20.8, 21.0)",29.0,"(28.9, 29.1)",5.1,"( 5.1,  5.1)",9.5,"( 9.4,  9.5)","(16.0, 16.4)","(37.97663226790, -121.311121669)",16.2,11.8,"(11.7, 11.9)",31.0,"(30.9, 31.2)"
CA,Sunnyvale,0677000,140081,13.5,"(13.4, 13.6)",22.8,"(22.7, 23.0)",5.3,"( 5.3,  5.3)",7.0,"( 7.0,  7.1)","( 8.5,  9.2)","(37.38344165660, -122.025624324)",8.9,7.1,"( 7.0,  7.2)",17.0,"(16.8, 17.1)"
CA,Temecula,0678120,100097,19.0,"(18.7, 19.2)",25.1,"(24.8, 25.3)",5.3,"( 5.3,  5.4)",8.6,"( 8.5,  8.7)","(13.2, 14.1)","(33.50299808840, -117.122390280)",13.6,7.9,"( 7.8,  8.0)",25.0,"(24.8, 25.3)"
CA,Thousand Oaks,0678582,126683,22.3,"(22.0, 22.5)",28.3,"(28.0, 28.5)",7.2,"( 7.1,  7.3)",8.6,"( 8.5,  8.7)","(10.4, 11.2)","(34.19177456550, -118.874888411)",10.8,8.5,"( 8.3,  8.6)",20.4,"(20.2, 20.7)"
CA,Torrance,0680000,145438,17.6,"(17.4, 17.8)",25.0,"(24.8, 25.1)",6.3,"( 6.3,  6.4)",7.7,"( 7.6,  7.7)","( 9.5, 10.1)","(33.83459854640, -118.341641983)",9.8,8.6,"( 8.5,  8.7)",17.9,"(17.8, 18.0)"
CA,Tracy,0680238,82922,18.4,"(18.2, 18.6)",24.3,"(24.1, 24.5)",4.8,"( 4.8,  4.8)",9.0,"( 8.9,  9.1)","(13.7, 14.5)","(37.72432773750, -121.444621463)",14.1,8.6,"( 8.5,  8.7)",28.8,"(28.5, 29.0)"
CA,Turlock,0680812,68549,21.0,"(20.7, 21.4)",27.0,"(26.7, 27.3)",6.0,"( 6.0,  6.1)",9.6,"( 9.4,  9.7)","(15.1, 16.3)","(37.50521582710, -120.858762412)",15.7,9.7,"( 9.5,  9.8)",24.7,"(24.3, 25.0)"
CA,Tustin,0680854,75540,14.7,"(14.5, 14.9)",24.2,"(23.9, 24.4)",4.8,"( 4.8,  4.9)",8.0,"( 7.9,  8.1)","(11.4, 12.5)","(33.73085203260, -117.810730968)",11.9,8.3,"( 8.2,  8.4)",20.5,"(20.2, 20.7)"
CA,Union City,0681204,69516,16.1,"(16.0, 16.4)",24.4,"(24.2, 24.6)",4.8,"( 4.8,  4.9)",7.5,"( 7.4,  7.6)","(10.7, 11.6)","(37.60283908120, -122.018966106)",11.1,9.3,"( 9.2,  9.5)",18.4,"(18.2, 18.6)"
CA,Upland,0681344,73732,21.0,"(20.8, 21.3)",27.1,"(26.9, 27.3)",6.1,"( 6.1,  6.2)",8.6,"( 8.5,  8.7)","(12.4, 13.2)","(34.11784457010, -117.660290062)",12.8,9.6,"( 9.5,  9.7)",27.5,"(27.3, 27.8)"
CA,Vacaville,0681554,92428,20.8,"(20.6, 21.1)",28.6,"(28.3, 28.9)",5.9,"( 5.9,  6.0)",9.6,"( 9.5,  9.7)","(15.0, 16.0)","(38.35972350630, -121.969030460)",15.5,8.6,"( 8.4,  8.7)",28.3,"(28.0, 28.5)"
CA,Vallejo,0681666,115942,21.4,"(21.2, 21.5)",32.0,"(31.8, 32.1)",5.7,"( 5.7,  5.7)",9.5,"( 9.4,  9.6)","(14.4, 15.0)","(38.11353292470, -122.235518478)",14.7,11.3,"(11.2, 11.4)",27.7,"(27.5, 27.8)"
CA,Victorville,0682590,115903,20.6,"(20.4, 20.8)",28.9,"(28.7, 29.1)",4.9,"( 4.9,  5.0)",9.7,"( 9.6,  9.8)","(17.4, 18.4)","(34.52776911030, -117.353855136)",17.9,11.4,"(11.3, 11.6)",33.5,"(33.2, 33.8)"
CA,Visalia,0682954,124442,19.4,"(19.2, 19.6)",28.0,"(27.8, 28.2)",5.8,"( 5.7,  5.9)",9.3,"( 9.1,  9.4)","(14.4, 15.3)","(36.32706231570, -119.325273214)",14.9,9.8,"( 9.7, 10.0)",28.9,"(28.6, 29.1)"
CA,Vista,0682996,93834,18.2,"(18.0, 18.3)",26.7,"(26.5, 26.9)",5.3,"( 5.3,  5.4)",9.1,"( 8.9,  9.2)","(14.7, 15.5)","(33.18954819780, -117.238607217)",15.1,8.9,"( 8.8,  9.0)",25.1,"(24.9, 25.3)"
CA,West Covina,0684200,106098,16.2,"(16.1, 16.3)",24.9,"(24.8, 25.1)",5.2,"( 5.2,  5.2)",7.8,"( 7.7,  7.9)","(10.8, 11.4)","(34.05544151740, -117.911282060)",11.1,10.1,"(10.0, 10.2)",21.2,"(21.1, 21.4)"
CA,Westminster,0684550,89701,17.8,"(17.6, 18.0)",30.5,"(30.3, 30.7)",5.5,"( 5.4,  5.5)",7.7,"( 7.6,  7.8)","(13.3, 14.1)","(33.75215237690, -117.993760054)",13.7,12.7,"(12.5, 12.8)",18.5,"(18.4, 18.7)"
CA,Whittier,0685292,85331,17.2,"(17.0, 17.4)",24.5,"(24.3, 24.7)",5.6,"( 5.6,  5.6)",8.4,"( 8.3,  8.5)","(11.4, 12.0)","(33.96782555960, -118.018796341)",11.7,9.3,"( 9.2,  9.4)",24.6,"(24.4, 24.8)"
NY,Albany,3601000,97856,21.2,"(21.0, 21.4)",27.2,"(27.0, 27.4)",5.3,"( 5.2,  5.4)",10.8,"(10.6, 10.9)","(17.6, 18.7)","(42.66639696040, -73.7986826267)",18.2,9.3,"( 9.2,  9.5)",28.5,"(28.2, 28.7)"
NY,Buffalo,3611000,261310,27.5,"(27.3, 27.6)",36.4,"(36.2, 36.5)",5.7,"( 5.7,  5.7)",12.0,"(11.9, 12.0)","(23.3, 23.9)","(42.90145182330, -78.8475237264)",23.6,13.0,"(12.9, 13.1)",35.1,"(35.0, 35.3)"
NY,Mount Vernon,3649121,67292,23.8,"(23.5, 24.0)",36.2,"(35.9, 36.4)",5.9,"( 5.9,  6.0)",11.6,"(11.4, 11.7)","(16.9, 18.0)","(40.91360085690, -73.8291001676)",17.4,12.9,"(12.7, 13.1)",31.9,"(31.6, 32.2)"
NY,New Rochelle,3650617,77062,21.8,"(21.6, 22.1)",29.5,"(29.2, 29.8)",6.5,"( 6.4,  6.6)",9.6,"( 9.5,  9.8)","(13.4, 14.4)","(40.93217131410, -73.7843883178)",13.9,10.0,"( 9.9, 10.2)",25.3,"(25.1, 25.6)"
NY,New York,3651000,8175133,19.4,"(19.4, 19.5)",28.0,"(28.0, 28.1)",5.4,"( 5.4,  5.4)",9.7,"( 9.7,  9.7)","(16.0, 16.1)","(40.69496068900, -73.9313850409)",16.0,10.9,"(10.9, 10.9)",24.4,"(24.4, 24.5)"
NY,Rochester,3663000,210565,24.7,"(24.6, 24.8)",33.1,"(32.9, 33.2)",5.1,"( 5.0,  5.1)",12.0,"(12.0, 12.1)","(22.7, 23.4)","(43.16798029180, -77.6162348882)",23.1,12.4,"(12.3, 12.5)",36.3,"(36.2, 36.5)"
NY,Schenectady,3665508,66135,23.3,"(23.1, 23.6)",31.4,"(31.2, 31.7)",6.0,"( 6.0,  6.1)",11.2,"(11.1, 11.4)","(20.9, 22.1)","(42.80252044140, -73.9275333869)",21.5,10.5,"(10.4, 10.7)",32.4,"(32.1, 32.7)"
NY,Syracuse,3673000,145170,23.0,"(22.9, 23.2)",31.5,"(31.3, 31.7)",5.5,"( 5.4,  5.5)",11.7,"(11.6, 11.9)","(22.2, 23.2)","(43.04092020970, -76.1437679213)",22.7,10.9,"(10.8, 11.0)",33.0,"(32.8, 33.3)"
NY,Yonkers,3684000,195976,22.2,"(22.1, 22.4)",30.3,"(30.2, 30.5)",6.3,"( 6.2,  6.3)",9.8,"( 9.7,  9.9)","(15.4, 16.0)","(40.94650255970, -73.8636959965)",15.7,11.1,"(11.0, 11.2)",27.1,"(27.0, 27.3)"
TX,Abilene,4801000,117063,21.5,"(21.3, 21.7)",32.3,"(32.1, 32.5)",5.9,"( 5.9,  5.9)",8.8,"( 8.7,  9.0)","(18.5, 19.5)","(32.45465108980, -99.7383043723)",19.0,10.9,"(10.7, 11.0)",33.1,"(32.9, 33.4)"
TX,Allen,4801924,84246,17.2,"(16.9, 17.6)",26.5,"(26.1, 26.9)",5.0,"( 4.9,  5.1)",7.7,"( 7.5,  7.8)","(12.5, 14.2)","(33.10870432340, -96.6735373763)",13.3,7.6,"( 7.4,  7.8)",28.6,"(28.1, 29.1)"
TX,Amarillo,4803000,190695,23.3,"(23.2, 23.5)",33.5,"(33.3, 33.6)",6.3,"( 6.2,  6.3)",8.9,"( 8.8,  8.9)","(18.7, 19.4)","(35.20038355440, -101.828292514)",19.0,11.6,"(11.5, 11.7)",35.1,"(34.9, 35.3)"
TX,Arlington,4804000,365438,19.5,"(19.4, 19.6)",32.1,"(31.9, 32.2)",5.0,"( 5.0,  5.1)",9.0,"( 8.9,  9.1)","(17.1, 17.7)","(32.69983686200, -97.1250896120)",17.4,10.4,"(10.3, 10.4)",34.2,"(34.1, 34.4)"
TX,Austin,4805000,790390,15.3,"(15.3, 15.4)",22.5,"(22.4, 22.6)",4.4,"( 4.4,  4.4)",8.1,"( 8.1,  8.2)","(14.1, 14.5)","(30.30686103420, -97.7554771245)",14.3,7.7,"( 7.6,  7.7)",25.7,"(25.6, 25.8)"
TX,Baytown,4806128,71802,20.9,"(20.7, 21.1)",31.7,"(31.4, 31.9)",5.6,"( 5.5,  5.7)",8.6,"( 8.5,  8.7)","(18.4, 19.4)","(29.75711530430, -94.9676276217)",18.9,11.9,"(11.7, 12.0)",34.4,"(34.2, 34.7)"
TX,Beaumont,4807000,118296,24.0,"(23.8, 24.2)",40.1,"(39.8, 40.3)",5.9,"( 5.9,  6.0)",9.8,"( 9.7,  9.9)","(19.0, 19.9)","(30.08441664700, -94.1441072222)",19.5,13.9,"(13.8, 14.1)",38.3,"(38.0, 38.6)"
TX,Brownsville,4810768,175023,18.3,"(18.1, 18.4)",33.3,"(33.1, 33.5)",4.8,"( 4.7,  4.8)",8.1,"( 8.0,  8.2)","(14.9, 15.8)","(25.99819778610, -97.4566343763)",15.3,17.4,"(17.2, 17.6)",41.0,"(40.7, 41.2)"
TX,Bryan,4810912,76201,18.6,"(18.4, 18.8)",28.4,"(28.1, 28.6)",4.9,"( 4.8,  4.9)",9.1,"( 9.0,  9.3)","(17.5, 18.9)","(30.66656875820, -96.3663819223)",18.2,10.5,"(10.4, 10.7)",32.6,"(32.2, 32.9)"
TX,Carrollton,4813024,119097,18.7,"(18.4, 18.9)",29.9,"(29.7, 30.2)",5.2,"( 5.2,  5.2)",8.2,"( 8.1,  8.3)","(15.2, 16.2)","(32.98843845900, -96.9001374330)",15.7,10.0,"( 9.9, 10.2)",30.0,"(29.7, 30.3)"
TX,College Station,4815976,93857,10.4,"(10.2, 10.6)",16.9,"(16.7, 17.2)",2.9,"( 2.9,  2.9)",8.9,"( 8.7,  9.2)","(13.5, 15.3)","(30.58676158010, -96.2957958614)",14.4,4.8,"( 4.7,  4.9)",24.6,"(24.1, 25.0)"
TX,Corpus Christi,4817000,305215,22.6,"(22.5, 22.8)",33.9,"(33.8, 34.0)",5.6,"( 5.6,  5.6)",8.0,"( 8.0,  8.1)","(16.3, 16.8)","(27.72915883370, -97.4019095379)",16.6,13.9,"(13.8, 14.0)",34.6,"(34.5, 34.8)"
TX,Dallas,4819000,1197816,18.9,"(18.8, 18.9)",32.6,"(32.6, 32.7)",4.9,"( 4.9,  4.9)",9.3,"( 9.2,  9.3)","(18.2, 18.5)","(32.79398040660, -96.7656929463)",18.3,12.0,"(11.9, 12.0)",34.8,"(34.7, 34.9)"
TX,Denton,4819972,113383,16.6,"(16.4, 16.8)",26.7,"(26.5, 26.9)",4.7,"( 4.6,  4.7)",9.0,"( 8.9,  9.2)","(16.2, 17.4)","(33.21561604430, -97.1412438684)",16.8,7.9,"( 7.8,  8.0)",30.5,"(30.2, 30.9)"
TX,Edinburg,4822660,77100,15.0,"(14.7, 15.3)",28.5,"(28.1, 28.9)",3.9,"( 3.9,  3.9)",7.5,"( 7.3,  7.8)","(13.8, 15.6)","(26.31558439740, -98.1637130371)",14.7,13.4,"(13.1, 13.7)",41.6,"(41.0, 42.2)"
TX,El Paso,4824000,649121,19.3,"(19.2, 19.4)",30.7,"(30.6, 30.8)",4.9,"( 4.9,  5.0)",7.7,"( 7.6,  7.7)","(14.5, 14.9)","(31.84811235060, -106.432021874)",14.7,14.9,"(14.8, 14.9)",35.3,"(35.2, 35.4)"
TX,Fort Worth,4827000,741206,19.7,"(19.7, 19.8)",32.7,"(32.7, 32.8)",4.9,"( 4.9,  4.9)",9.1,"( 9.1,  9.2)","(18.0, 18.4)","(32.78019280400, -97.3470323225)",18.2,11.3,"(11.3, 11.4)",35.7,"(35.6, 35.8)"
TX,Frisco,4827684,116989,16.0,"(15.8, 16.2)",24.9,"(24.6, 25.1)",4.8,"( 4.8,  4.8)",7.6,"( 7.5,  7.7)","(12.1, 13.2)","(33.15075451520, -96.8201336312)",12.7,6.8,"( 6.7,  6.9)",28.1,"(27.8, 28.4)"
TX,Garland,4829000,226876,20.1,"(20.0, 20.2)",32.5,"(32.3, 32.6)",5.3,"( 5.3,  5.3)",9.0,"( 8.9,  9.1)","(18.0, 18.7)","(32.91007998670, -96.6304258603)",18.3,11.8,"(11.7, 11.9)",32.3,"(32.2, 32.5)"
TX,Grand Prairie,4830464,175396,17.9,"(17.8, 18.0)",30.5,"(30.4, 30.7)",4.6,"( 4.5,  4.6)",8.9,"( 8.8,  9.0)","(17.0, 17.7)","(32.68676502380, -97.0209311916)",17.4,10.7,"(10.6, 10.8)",33.3,"(33.1, 33.5)"
TX,Houston,4835000,2099451,18.5,"(18.4, 18.5)",30.8,"(30.7, 30.8)",4.9,"( 4.8,  4.9)",8.3,"( 8.2,  8.3)","(17.4, 17.6)","(29.78066913960, -95.3860033966)",17.5,12.0,"(11.9, 12.0)",34.1,"(34.0, 34.1)"
TX,Irving,4837000,216290,16.3,"(16.2, 16.4)",27.8,"(27.6, 27.9)",4.3,"( 4.3,  4.4)",8.4,"( 8.4,  8.5)","(16.3, 16.9)","(32.85838081310, -96.9703058323)",16.6,9.8,"( 9.7,  9.8)",30.1,"(30.0, 30.3)"
TX,Killeen,4839148,127921,17.2,"(17.1, 17.3)",29.2,"(29.0, 29.3)",3.9,"( 3.8,  3.9)",9.3,"( 9.2,  9.4)","(18.7, 19.5)","(31.07576481430, -97.7285651299)",19.1,9.7,"( 9.6,  9.7)",37.2,"(36.9, 37.4)"
TX,Laredo,4841464,236091,18.5,"(18.3, 18.7)",31.7,"(31.5, 31.9)",4.2,"( 4.1,  4.2)",8.0,"( 7.9,  8.1)","(17.7, 18.6)","(27.54825724750, -99.4867797312)",18.2,15.7,"(15.5, 15.9)",42.1,"(41.8, 42.4)"
TX,League City,4841980,83560,19.2,"(18.9, 19.5)",27.1,"(26.8, 27.5)",5.3,"( 5.2,  5.4)",8.2,"( 8.0,  8.3)","(16.0, 17.8)","(29.48729958080, -95.1089858945)",16.9,8.0,"( 7.9,  8.2)",31.4,"(30.9, 31.8)"
TX,Lewisville,4842508,95290,16.8,"(16.6, 17.0)",27.4,"(27.2, 27.6)",4.6,"( 4.5,  4.6)",8.5,"( 8.4,  8.6)","(16.3, 17.4)","(33.04519924290, -96.9829273031)",16.8,8.5,"( 8.3,  8.6)",31.2,"(30.9, 31.5)"
TX,Longview,4843888,80455,24.4,"(24.2, 24.7)",36.9,"(36.7, 37.2)",6.5,"( 6.4,  6.6)",9.5,"( 9.3,  9.6)","(19.3, 20.5)","(32.51928578560, -94.7621975980)",19.9,12.5,"(12.3, 12.6)",36.1,"(35.7, 36.4)"
TX,Lubbock,4845000,229573,19.4,"(19.2, 19.5)",29.6,"(29.4, 29.8)",5.3,"( 5.3,  5.3)",8.9,"( 8.8,  9.0)","(16.6, 17.3)","(33.56662511780, -101.886335663)",17.0,10.2,"(10.1, 10.2)",33.4,"(33.2, 33.7)"
TX,McAllen,4845384,129877,18.1,"(17.9, 18.4)",32.2,"(31.9, 32.5)",5.0,"( 4.9,  5.0)",7.5,"( 7.4,  7.7)","(13.4, 14.4)","(26.21862899420, -98.2451704536)",13.9,15.5,"(15.3, 15.7)",41.5,"(41.2, 41.9)"
TX,McKinney,4845744,131117,18.0,"(17.7, 18.2)",27.4,"(27.2, 27.7)",5.2,"( 5.1,  5.2)",8.1,"( 8.0,  8.2)","(14.3, 15.4)","(33.19888869520, -96.6677029773)",14.8,8.1,"( 8.0,  8.2)",30.9,"(30.6, 31.2)"
TX,Mesquite,4847892,139824,20.3,"(20.2, 20.5)",32.6,"(32.4, 32.8)",5.3,"( 5.3,  5.3)",9.6,"( 9.5,  9.7)","(18.9, 19.7)","(32.76413101660, -96.5927445114)",19.3,11.2,"(11.1, 11.3)",33.8,"(33.5, 34.0)"
TX,Midland,4848072,111147,20.7,"(20.5, 20.9)",31.1,"(30.9, 31.4)",6.0,"( 6.0,  6.1)",8.3,"( 8.2,  8.5)","(15.0, 16.0)","(32.02859483560, -102.109700973)",15.5,10.4,"(10.2, 10.5)",32.7,"(32.4, 33.0)"
TX,Mission,4848768,77058,18.6,"(18.3, 18.9)",32.3,"(31.9, 32.6)",5.2,"( 5.1,  5.3)",7.7,"( 7.5,  7.9)","(13.8, 15.1)","(26.20334064640, -98.3227705130)",14.5,15.1,"(14.8, 15.4)",41.4,"(41.0, 41.8)"
TX,Missouri City,4848804,67358,20.6,"(20.3, 20.9)",34.9,"(34.5, 35.2)",5.4,"( 5.4,  5.5)",8.5,"( 8.3,  8.6)","(13.0, 14.1)","(29.56367466100, -95.5382066661)",13.6,11.7,"(11.5, 11.9)",31.3,"(31.0, 31.7)"
TX,Odessa,4853388,99940,21.3,"(21.1, 21.5)",31.7,"(31.5, 32.0)",5.6,"( 5.5,  5.7)",8.6,"( 8.5,  8.7)","(17.1, 18.1)","(31.87945646100, -102.344465435)",17.6,11.8,"(11.6, 11.9)",35.1,"(34.8, 35.4)"
TX,Pasadena,4856000,149043,19.0,"(18.8, 19.1)",29.1,"(29.0, 29.3)",5.0,"( 5.0,  5.1)",8.0,"( 7.9,  8.1)","(18.3, 19.0)","(29.65895114880, -95.1509173148)",18.7,11.7,"(11.6, 11.8)",34.2,"(34.0, 34.4)"
TX,Pearland,4856348,91252,18.7,"(18.4, 19.0)",28.3,"(28.0, 28.6)",5.2,"( 5.1,  5.2)",7.8,"( 7.7,  7.9)","(12.8, 14.1)","(29.55848505770, -95.3208389111)",13.5,8.6,"( 8.4,  8.8)",30.0,"(29.6, 30.4)"
TX,Pharr,4857200,70400,18.4,"(18.0, 18.7)",32.9,"(32.4, 33.4)",4.7,"( 4.7,  4.8)",8.0,"( 7.7,  8.3)","(15.3, 17.4)","(26.16881539900, -98.1904720704)",16.4,16.5,"(16.1, 16.9)",44.4,"(43.8, 45.0)"
TX,Plano,4858016,259841,18.5,"(18.4, 18.7)",28.4,"(28.2, 28.6)",5.6,"( 5.6,  5.7)",7.5,"( 7.4,  7.5)","(11.9, 12.6)","(33.05021492780, -96.7486409797)",12.2,8.6,"( 8.5,  8.7)",27.6,"(27.4, 27.8)"
TX,Richardson,4861796,99223,19.2,"(19.0, 19.5)",29.5,"(29.2, 29.7)",6.1,"( 6.1,  6.2)",7.9,"( 7.8,  8.0)","(12.2, 13.2)","(32.97165823890, -96.7093052991)",12.7,9.1,"( 8.9,  9.2)",26.4,"(26.2, 26.7)"
TX,Round Rock,4863500,99887,18.2,"(18.0, 18.4)",26.6,"(26.4, 26.9)",4.6,"( 4.6,  4.7)",8.1,"( 8.0,  8.2)","(15.1, 16.3)","(30.52395782350, -97.6669801882)",15.6,8.4,"( 8.2,  8.5)",30.5,"(30.2, 30.8)"
TX,San Angelo,4864472,93200,22.1,"(21.9, 22.4)",31.3,"(31.1, 31.6)",6.1,"( 6.1,  6.2)",8.5,"( 8.4,  8.7)","(16.2, 17.1)","(31.44046874600, -100.452243142)",16.6,11.3,"(11.2, 11.5)",34.3,"(34.0, 34.6)"
TX,San Antonio,4865000,1327407,19.7,"(19.7, 19.8)",32.3,"(32.3, 32.4)",5.3,"( 5.3,  5.3)",8.1,"( 8.1,  8.1)","(16.6, 16.9)","(29.47214753330, -98.5246763525)",16.8,13.1,"(13.0, 13.1)",34.5,"(34.5, 34.6)"
TX,Sugar Land,4870808,78817,19.5,"(19.2, 19.8)",30.8,"(30.4, 31.1)",5.8,"( 5.8,  5.9)",6.9,"( 6.8,  7.1)","(10.6, 11.6)","(29.59746809020, -95.6274557750)",11.1,10.4,"(10.2, 10.6)",23.7,"(23.4, 24.0)"
TX,Tyler,4874144,96900,23.1,"(22.9, 23.4)",36.8,"(36.6, 37.0)",6.5,"( 6.4,  6.6)",9.3,"( 9.2,  9.4)","(17.8, 18.7)","(32.31540211830, -95.3050093799)",18.2,12.4,"(12.2, 12.6)",34.7,"(34.4, 35.0)"
TX,Waco,4876000,124805,20.9,"(20.7, 21.1)",34.0,"(33.8, 34.2)",5.4,"( 5.3,  5.4)",9.7,"( 9.5,  9.8)","(19.3, 20.4)","(31.55976071370, -97.1883333282)",19.9,12.1,"(12.0, 12.2)",36.7,"(36.4, 37.0)"
TX,Wichita Falls,4879000,104553,25.2,"(25.0, 25.4)",33.4,"(33.2, 33.7)",5.9,"( 5.9,  6.0)",9.0,"( 8.9,  9.1)","(19.0, 20.2)","(33.90727398380, -98.5292981697)",19.6,11.7,"(11.6, 11.9)",37.5,"(37.2, 37.8)"
